pid, rating_old, sigma_old, rating_new, sigma_new
1,1.1,0.1,1.1029,0.099849
2,2.1,0.2,2.08842,0.198769
3,1.2,0.12,1.19566,0.119699
4,2.2,0.22,2.21463,0.218145
